Time,Duration,Voltage,Current
23:00:47,0.00,1.347,0.011
23:00:48,1.01,1.279,0.009
23:00:49,2.01,1.524,0.008
23:00:50,3.01,1.687,0.003
23:00:51,4.01,1.091,0.002
23:00:52,5.01,1.143,0.281
23:00:53,6.02,12.272,0.282
23:00:54,7.02,12.272,0.281
23:00:55,8.02,12.265,0.287
23:00:56,9.02,12.265,0.280
23:00:57,10.02,12.265,0.285
23:00:58,11.02,12.265,0.280
23:00:59,12.03,12.563,0.278
23:01:00,13.03,12.886,0.278
23:01:01,14.03,12.270,0.278
23:01:02,15.03,12.270,0.287
23:01:03,16.03,12.270,0.282
23:01:04,17.03,12.270,0.281
23:01:05,18.03,12.270,0.284
23:01:06,19.03,12.270,0.273
23:01:07,20.04,12.272,0.275
23:01:08,21.04,12.272,0.274
23:01:09,22.04,12.274,0.275
23:01:10,23.04,12.274,0.278
23:01:11,24.04,12.281,0.272
23:01:12,25.04,12.279,0.268
23:01:13,26.04,12.285,0.280
23:01:14,27.04,12.288,0.273
23:01:15,28.04,12.297,0.271
23:01:16,29.05,12.303,0.277
23:01:17,30.05,12.317,0.277
23:01:18,31.05,12.312,0.272
23:01:19,32.05,12.319,0.275
23:01:20,33.05,12.353,0.275
23:01:21,34.05,12.702,0.269
23:01:22,35.05,12.527,0.261
23:01:23,36.05,12.642,0.272
23:01:24,37.05,13.000,0.267
23:01:25,38.06,12.458,0.272
23:01:26,39.06,12.572,0.263
23:01:27,40.06,12.516,0.271
23:01:28,41.06,12.776,0.269
23:01:29,42.06,12.747,0.267
23:01:30,43.06,12.801,0.263
23:01:31,44.06,12.834,0.259
23:01:32,45.07,13.654,0.262
23:01:33,46.07,12.534,0.261
23:01:34,47.07,12.453,0.266
23:01:35,48.07,12.431,0.257
23:01:36,49.07,12.465,0.267
23:01:37,50.07,12.530,0.261
23:01:38,51.07,12.474,0.266
23:01:39,52.07,12.915,0.262
23:01:40,53.08,12.709,0.277
23:01:41,54.08,12.530,0.256
23:01:42,55.08,12.501,0.255
23:01:43,56.08,12.565,0.262
23:01:44,57.08,12.590,0.259
23:01:45,58.08,12.635,0.268
23:01:46,59.08,12.465,0.268
23:01:47,60.08,12.565,0.268
23:01:48,61.08,12.548,0.256
23:01:49,62.09,12.626,0.258
23:01:50,63.09,12.590,0.259
23:01:51,64.09,12.720,0.263
23:01:52,65.09,12.978,0.267
23:01:53,66.09,12.944,0.259
23:01:54,67.10,12.539,0.257
23:01:55,68.10,12.462,0.249
23:01:56,69.10,12.411,0.256
23:01:57,70.10,12.404,0.262
23:01:58,71.10,12.393,0.258
23:01:59,72.10,12.353,0.253
23:02:00,73.11,12.339,0.257
23:02:01,74.11,12.332,0.255
23:02:02,75.11,12.357,0.257
23:02:03,76.11,12.380,0.251
23:02:04,77.11,12.384,0.251
23:02:05,78.12,12.377,0.248
23:02:06,79.12,12.382,0.251
23:02:07,80.12,12.402,0.259
23:02:08,81.12,12.431,0.261
23:02:09,82.12,12.386,0.246
23:02:10,83.12,12.400,0.250
23:02:11,84.12,12.395,0.252
23:02:12,85.13,12.431,0.248
23:02:13,86.13,12.474,0.250
23:02:14,87.13,12.406,0.251
23:02:15,88.13,12.404,0.261
23:02:16,89.13,12.406,0.250
23:02:17,90.13,12.442,0.259
23:02:18,91.14,12.476,0.249
23:02:19,92.14,12.572,0.251
23:02:20,93.14,12.646,0.249
23:02:21,94.14,12.507,0.249
23:02:22,95.14,12.471,0.252
23:02:23,96.14,12.458,0.253
23:02:24,97.15,12.444,0.250
23:02:25,98.15,12.404,0.239
23:02:26,99.15,12.460,0.243
23:02:27,100.15,12.469,0.249
23:02:28,101.15,12.467,0.255
23:02:29,102.15,12.498,0.248
23:02:30,103.16,12.619,0.250
23:02:31,104.16,12.548,0.250
23:02:32,105.16,12.527,0.249
23:02:33,106.16,12.539,0.242
23:02:34,107.16,12.536,0.251
23:02:35,108.16,12.644,0.246
23:02:36,109.17,12.709,0.249
23:02:37,110.17,12.469,0.248
23:02:38,111.17,12.489,0.245
23:02:39,112.18,12.592,0.248
23:02:40,113.19,12.810,0.248
23:02:41,114.19,12.924,0.246
23:02:42,115.19,12.272,0.240
23:02:43,116.19,12.272,0.240
23:02:44,117.19,12.270,0.248
23:02:45,118.19,12.270,0.240
23:02:46,119.20,12.270,0.237
23:02:47,120.21,12.270,0.246
23:02:48,121.21,12.270,0.244
23:02:49,122.22,12.270,0.243
23:02:50,123.23,12.272,0.246
23:02:51,124.24,12.272,0.239
23:02:52,125.24,12.274,0.245
23:02:53,126.25,12.272,0.238
23:02:54,127.25,12.274,0.238
23:02:55,128.25,12.274,0.240
23:02:56,129.25,12.274,0.245
23:02:57,130.25,12.279,0.240
23:02:58,131.26,12.281,0.243
23:02:59,132.26,12.281,0.250
23:03:00,133.27,12.283,0.236
23:03:01,134.27,12.290,0.243
23:03:02,135.27,15.675,0.250
23:03:03,136.27,12.373,0.238
23:03:04,137.27,15.288,0.239
23:03:05,138.28,12.377,0.236
23:03:06,139.28,12.384,0.246
23:03:07,140.28,12.462,0.244
23:03:08,141.28,12.469,0.233
23:03:09,142.28,12.480,0.243
23:03:10,143.28,12.496,0.237
23:03:11,144.28,12.527,0.242
23:03:12,145.29,12.543,0.242
23:03:13,146.29,12.552,0.242
23:03:14,147.29,12.606,0.244
23:03:15,148.29,12.700,0.240
23:03:16,149.29,13.016,0.246
23:03:17,150.29,12.969,0.239
23:03:18,151.30,12.884,0.232
23:03:19,152.30,13.758,0.237
23:03:20,153.30,12.778,0.248
23:03:22,154.30,12.814,0.244
23:03:23,155.30,13.914,0.238
23:03:24,156.31,12.429,0.244
23:03:25,157.31,12.462,0.234
23:03:26,158.31,12.492,0.238
23:03:27,159.31,12.534,0.226
23:03:28,160.31,12.565,0.242
23:03:29,161.31,12.637,0.231
23:03:30,162.32,12.832,0.234
23:03:31,163.32,14.259,0.244
23:03:32,164.32,13.668,0.234
23:03:33,165.32,21.504,0.236
23:03:34,166.32,21.504,0.240
23:03:35,167.33,21.499,0.238
23:03:36,168.33,21.495,0.242
23:03:37,169.33,21.492,0.238
23:03:38,170.33,21.492,0.240
23:03:39,171.33,21.499,0.240
23:03:40,172.33,21.495,0.231
23:03:41,173.34,21.495,0.239
23:03:42,174.34,21.499,0.236
23:03:43,175.34,21.490,0.232
23:03:44,176.34,21.490,0.244
23:03:45,177.34,21.495,0.234
23:03:46,178.34,21.499,0.236
23:03:47,179.35,21.497,0.233
23:03:48,180.35,21.492,0.232
23:03:49,181.35,21.495,0.248
23:03:50,182.35,21.497,0.233
23:03:51,183.35,21.497,0.230
23:03:52,184.35,21.492,0.237
23:03:53,185.36,21.492,0.243
23:03:54,186.36,21.492,0.239
23:03:55,187.36,21.499,0.234
23:03:56,188.36,21.495,0.230
23:03:57,189.36,21.497,0.227
23:03:58,190.36,21.499,0.230
23:03:59,191.36,21.497,0.239
23:04:00,192.37,21.497,0.240
23:04:01,193.37,21.495,0.230
23:04:02,194.37,21.492,0.236
23:04:03,195.37,21.490,0.238
23:04:04,196.37,21.495,0.246
23:04:05,197.37,21.499,0.233
23:04:06,198.38,21.497,0.237
23:04:07,199.38,21.497,0.237
23:04:08,200.38,21.495,0.228
23:04:09,201.38,21.495,0.232
23:04:10,202.38,21.492,0.233
23:04:11,203.38,21.492,0.227
23:04:12,204.39,21.488,0.231
23:04:13,205.39,21.495,0.234
23:04:14,206.39,21.497,0.228
23:04:15,207.39,21.490,0.236
23:04:16,208.39,21.495,0.234
23:04:17,209.39,21.497,0.231
23:04:18,210.40,21.495,0.233
23:04:19,211.40,21.501,0.231
23:04:20,212.40,21.501,0.238
23:04:21,213.40,21.499,0.225
23:04:22,214.40,21.501,0.234
23:04:23,215.40,21.499,0.231
23:04:24,216.41,21.499,0.230
23:04:25,217.41,21.499,0.231
23:04:26,218.41,21.499,0.233
23:04:27,219.41,21.499,0.230
23:04:28,220.41,21.495,0.231
23:04:29,221.42,21.497,0.225
23:04:30,222.42,21.499,0.224
23:04:31,223.42,21.499,0.230
23:04:32,224.42,21.495,0.228
23:04:33,225.42,21.497,0.233
23:04:34,226.43,21.499,0.244
23:04:35,227.43,21.499,0.230
23:04:36,228.43,21.499,0.225
23:04:37,229.43,21.499,0.232
23:04:38,230.43,21.497,0.236
23:04:39,231.43,21.499,0.231
23:04:40,232.43,21.495,0.234
23:04:41,233.44,21.497,0.236
23:04:42,234.44,21.504,0.232
23:04:43,235.44,21.492,0.227
23:04:44,236.44,21.495,0.224
23:04:45,237.44,21.501,0.230
23:04:46,238.45,21.499,0.225
23:04:47,239.45,21.499,0.233
23:04:48,240.45,21.497,0.227
23:04:49,241.45,21.490,0.237
23:04:50,242.45,21.488,0.225
23:04:51,243.45,21.477,0.236
23:04:52,244.46,21.492,0.225
23:04:53,245.46,21.474,0.225
23:04:54,246.46,21.479,0.231
23:04:55,247.46,21.481,0.227
23:04:56,248.46,21.481,0.232
23:04:57,249.46,21.477,0.231
23:04:58,250.47,21.477,0.221
23:04:59,251.47,21.479,0.226
23:05:00,252.47,21.477,0.227
23:05:01,253.47,21.479,0.233
23:05:02,254.47,21.481,0.227
23:05:03,255.47,21.479,0.228
23:05:04,256.48,21.479,0.231
23:05:05,257.48,21.481,0.225
23:05:06,258.48,21.479,0.234
23:05:07,259.48,21.481,0.216
23:05:08,260.48,21.479,0.222
23:05:09,261.48,21.483,0.231
23:05:10,262.48,21.479,0.222
23:05:11,263.48,21.483,0.230
23:05:12,264.49,21.483,0.228
23:05:13,265.49,21.486,0.226
23:05:14,266.49,21.481,0.228
23:05:15,267.49,21.483,0.217
23:05:16,268.49,21.416,0.224
23:05:17,269.49,21.416,0.228
23:05:18,270.50,21.416,0.228
23:05:19,271.50,21.421,0.224
23:05:20,272.50,21.481,0.226
23:05:21,273.50,21.483,0.226
23:05:22,274.50,21.481,0.231
23:05:23,275.50,21.479,0.217
23:05:24,276.50,21.486,0.221
23:05:25,277.50,21.483,0.226
23:05:26,278.51,21.481,0.224
23:05:27,279.51,21.472,0.219
23:05:28,280.51,21.470,0.227
23:05:29,281.51,21.472,0.219
23:05:30,282.51,21.472,0.227
23:05:31,283.51,21.474,0.230
23:05:32,284.51,21.477,0.222
23:05:33,285.51,21.477,0.219
23:05:34,286.52,21.474,0.228
23:05:35,287.52,21.481,0.225
23:05:36,288.52,21.479,0.224
23:05:37,289.52,21.479,0.217
23:05:38,290.52,21.477,0.224
23:05:39,291.52,21.477,0.232
23:05:40,292.52,21.470,0.219
23:05:41,293.53,21.477,0.228
23:05:42,294.53,21.474,0.225
23:05:43,295.53,21.472,0.222
23:05:44,296.53,21.465,0.224
23:05:45,297.53,21.468,0.230
23:05:46,298.53,21.474,0.224
23:05:47,299.53,21.474,0.225
23:05:48,300.53,21.472,0.224
23:05:49,301.53,21.470,0.222
23:05:50,302.53,21.474,0.222
23:05:51,303.54,21.468,0.228
23:05:52,304.54,21.474,0.224
23:05:53,305.54,21.443,0.225
23:05:54,306.54,21.438,0.221
23:05:55,307.54,21.447,0.221
23:05:56,308.54,21.443,0.216
23:05:57,309.54,21.445,0.222
23:05:58,310.54,21.441,0.216
23:05:59,311.55,21.450,0.227
23:06:00,312.55,21.441,0.230
23:06:01,313.55,21.447,0.222
23:06:02,314.55,21.436,0.221
23:06:03,315.55,21.443,0.226
23:06:04,316.55,21.441,0.226
23:06:05,317.55,21.443,0.224
23:06:06,318.55,21.443,0.224
23:06:07,319.56,21.443,0.226
23:06:08,320.56,21.450,0.226
23:06:09,321.56,21.445,0.228
23:06:10,322.56,21.445,0.216
23:06:11,323.56,21.445,0.230
23:06:12,324.56,21.445,0.222
23:06:13,325.56,21.445,0.225
23:06:14,326.56,21.447,0.226
23:06:15,327.56,21.445,0.214
23:06:16,328.56,21.443,0.220
23:06:17,329.56,21.445,0.226
23:06:18,330.57,21.445,0.220
23:06:19,331.57,21.452,0.222
23:06:20,332.57,21.452,0.219
23:06:21,333.57,21.443,0.228
23:06:22,334.57,21.443,0.221
23:06:23,335.57,21.445,0.232
23:06:24,336.57,21.445,0.226
23:06:25,337.57,21.447,0.215
23:06:26,338.57,21.443,0.224
23:06:27,339.58,21.441,0.234
23:06:28,340.58,21.441,0.226
23:06:29,341.58,21.443,0.228
23:06:30,342.58,21.441,0.224
23:06:31,343.58,21.443,0.231
23:06:32,344.58,21.443,0.216
23:06:33,345.58,21.441,0.225
23:06:34,346.58,21.445,0.220
23:06:35,347.58,21.443,0.219
23:06:36,348.58,21.447,0.226
23:06:37,349.59,21.443,0.220
23:06:38,350.59,21.436,0.221
23:06:39,351.59,21.441,0.219
23:06:40,352.59,21.447,0.216
23:06:41,353.59,21.445,0.220
23:06:42,354.59,21.441,0.225
23:06:43,355.59,21.443,0.220
23:06:44,356.59,21.441,0.217
23:06:45,357.60,21.443,0.222
23:06:46,358.60,21.443,0.220
23:06:47,359.60,21.443,0.216
23:06:48,360.60,21.445,0.225
23:06:49,361.60,21.445,0.224
23:06:50,362.60,21.447,0.221
23:06:51,363.60,21.441,0.220
23:06:52,364.61,21.443,0.219
23:06:53,365.61,21.452,0.231
23:06:54,366.61,21.447,0.214
23:06:55,367.61,21.441,0.224
23:06:56,368.61,21.445,0.214
23:06:57,369.62,21.443,0.217
23:06:58,370.62,21.443,0.225
23:06:59,371.62,21.438,0.220
23:07:00,372.62,21.441,0.217
23:07:01,373.62,21.438,0.219
23:07:02,374.62,21.447,0.225
23:07:03,375.62,21.445,0.214
23:07:04,376.62,21.450,0.221
23:07:05,377.62,21.445,0.227
23:07:06,378.62,21.443,0.225
23:07:07,379.62,21.443,0.219
23:07:08,380.62,21.438,0.225
23:07:09,381.62,21.441,0.227
23:07:10,382.63,21.441,0.216
23:07:11,383.63,21.441,0.220
23:07:12,384.63,21.441,0.222
23:07:13,385.63,21.441,0.225
23:07:14,386.63,21.436,0.230
23:07:15,387.63,21.441,0.219
23:07:16,388.63,21.438,0.215
23:07:17,389.63,21.436,0.215
23:07:18,390.63,21.441,0.216
23:07:19,391.63,21.443,0.226
23:07:20,392.63,21.441,0.210
23:07:21,393.63,21.438,0.221
23:07:22,394.64,21.438,0.228
23:07:23,395.64,21.436,0.224
23:07:24,396.64,21.432,0.220
23:07:25,397.64,21.438,0.225
23:07:26,398.64,21.438,0.214
23:07:27,399.64,21.436,0.222
23:07:28,400.64,21.434,0.214
23:07:29,401.64,21.441,0.219
23:07:30,402.64,21.434,0.217
23:07:31,403.64,21.432,0.217
23:07:32,404.64,21.427,0.213
23:07:33,405.64,21.432,0.222
23:07:34,406.64,21.423,0.220
23:07:35,407.64,21.432,0.225
23:07:36,408.64,21.441,0.225
23:07:37,409.65,21.438,0.213
23:07:38,410.65,21.434,0.209
23:07:39,411.65,21.434,0.216
23:07:40,412.65,21.432,0.222
23:07:41,413.65,21.443,0.215
23:07:42,414.65,21.438,0.224
23:07:43,415.65,21.441,0.219
23:07:44,416.65,21.432,0.213
23:07:45,417.65,21.445,0.219
23:07:46,418.65,21.436,0.213
23:07:47,419.65,21.436,0.213
23:07:48,420.65,21.445,0.217
23:07:49,421.65,21.434,0.220
23:07:50,422.66,21.434,0.213
23:07:51,423.66,21.438,0.231
23:07:52,424.66,21.434,0.214
23:07:53,425.66,21.436,0.222
23:07:54,426.66,21.436,0.219
23:07:55,427.66,21.436,0.220
23:07:56,428.66,21.441,0.211
23:07:57,429.66,21.434,0.225
23:07:58,430.66,21.436,0.211
23:07:59,431.66,21.436,0.215
23:08:00,432.66,21.432,0.221
23:08:01,433.66,21.434,0.221
23:08:02,434.66,21.436,0.208
23:08:03,435.67,21.432,0.214
23:08:04,436.67,21.441,0.220
23:08:05,437.67,21.434,0.211
23:08:06,438.67,21.438,0.222
23:08:07,439.67,21.443,0.219
23:08:08,440.67,21.438,0.202
23:08:09,441.67,21.436,0.216
23:08:10,442.67,21.434,0.222
23:08:11,443.67,21.436,0.211
23:08:12,444.67,21.434,0.210
23:08:13,445.67,21.434,0.211
23:08:14,446.67,21.436,0.220
23:08:15,447.67,21.436,0.216
23:08:16,448.68,21.434,0.216
23:08:17,449.68,21.438,0.214
23:08:18,450.68,21.445,0.217
23:08:19,451.68,21.438,0.215
23:08:20,452.68,21.434,0.219
23:08:21,453.68,21.441,0.221
23:08:22,454.68,21.432,0.226
23:08:23,455.68,21.441,0.213
23:08:24,456.68,21.436,0.213
23:08:25,457.68,21.436,0.214
23:08:26,458.68,21.434,0.217
23:08:27,459.68,21.441,0.211
23:08:28,460.69,21.436,0.221
23:08:29,461.69,21.430,0.216
23:08:30,462.69,21.436,0.219
23:08:31,463.69,21.430,0.222
23:08:32,464.69,21.438,0.211
23:08:33,465.69,21.436,0.224
23:08:34,466.69,21.432,0.219
23:08:35,467.69,21.434,0.208
23:08:36,468.69,21.432,0.215
23:08:37,469.69,21.430,0.213
23:08:38,470.69,21.438,0.224
23:08:39,471.69,21.425,0.219
23:08:40,472.69,21.432,0.221
23:08:41,473.70,21.430,0.221
23:08:42,474.70,21.432,0.214
23:08:43,475.70,21.432,0.214
23:08:44,476.70,21.432,0.214
23:08:45,477.70,21.432,0.217
23:08:46,478.70,21.430,0.216
23:08:47,479.70,21.434,0.220
23:08:48,480.70,21.434,0.226
23:08:49,481.70,21.441,0.211
23:08:50,482.70,21.434,0.220
23:08:51,483.70,21.430,0.211
23:08:52,484.70,21.432,0.217
23:08:53,485.70,21.425,0.219
23:08:54,486.70,21.430,0.210
23:08:55,487.71,21.432,0.222
23:08:56,488.71,21.432,0.220
23:08:57,489.71,21.430,0.210
23:08:58,490.71,21.434,0.213
23:08:59,491.71,21.441,0.224
23:09:00,492.71,21.441,0.226
23:09:01,493.71,21.438,0.211
23:09:02,494.71,21.441,0.225
23:09:03,495.71,21.438,0.225
23:09:04,496.71,21.443,0.222
23:09:05,497.71,21.434,0.211
23:09:06,498.71,21.438,0.213
23:09:07,499.72,21.432,0.205
23:09:08,500.72,21.432,0.210
23:09:09,501.72,21.434,0.215
23:09:10,502.72,21.430,0.216
23:09:11,503.72,21.438,0.219
23:09:12,504.72,21.434,0.216
23:09:13,505.72,21.438,0.216
23:09:14,506.72,21.443,0.211
23:09:15,507.72,21.434,0.216
23:09:16,508.72,21.441,0.214
23:09:17,509.72,21.436,0.225
23:09:18,510.72,21.438,0.210
23:09:19,511.72,21.438,0.213
23:09:20,512.72,21.436,0.202
23:09:21,513.73,21.438,0.220
23:09:22,514.73,21.434,0.217
23:09:23,515.73,21.443,0.210
23:09:24,516.73,21.436,0.222
23:09:25,517.73,21.436,0.203
23:09:26,518.73,21.434,0.214
23:09:27,519.73,21.436,0.219
23:09:28,520.73,21.441,0.220
23:09:29,521.73,21.438,0.207
23:09:30,522.73,21.438,0.221
23:09:31,523.73,21.434,0.219
23:09:32,524.73,21.441,0.216
23:09:33,525.73,21.438,0.216
23:09:34,526.73,21.438,0.211
23:09:35,527.73,21.441,0.213
23:09:36,528.73,21.441,0.215
23:09:37,529.74,21.443,0.205
23:09:38,530.74,21.432,0.224
23:09:39,531.74,21.436,0.220
23:09:40,532.74,21.438,0.210
23:09:41,533.74,21.432,0.209
23:09:42,534.74,21.436,0.217
23:09:43,535.74,21.432,0.209
23:09:44,536.74,21.430,0.217
23:09:45,537.74,21.434,0.213
23:09:46,538.74,21.430,0.209
23:09:47,539.74,21.430,0.213
23:09:48,540.74,21.430,0.225
23:09:49,541.74,21.443,0.215
23:09:50,542.75,21.432,0.213
23:09:51,543.75,21.425,0.224
23:09:52,544.75,21.438,0.204
23:09:53,545.75,21.441,0.210
23:09:54,546.75,21.438,0.214
23:09:55,547.75,21.434,0.207
23:09:56,548.75,21.441,0.221
23:09:57,549.76,21.434,0.216
23:09:58,550.76,21.436,0.210
23:09:59,551.76,21.443,0.204
23:10:00,552.77,21.441,0.211
23:10:01,553.77,21.445,0.214
23:10:02,554.77,21.430,0.217
23:10:03,555.78,21.434,0.219
23:10:04,556.78,21.430,0.205
23:10:05,557.78,21.441,0.205
23:10:06,558.78,21.441,0.219
23:10:07,559.78,21.430,0.216
23:10:08,560.79,21.434,0.204
23:10:09,561.80,21.436,0.209
23:10:10,562.81,21.436,0.210
23:10:11,563.81,21.438,0.209
23:10:12,564.81,21.441,0.215
23:10:13,565.81,21.432,0.217
23:10:14,566.82,21.430,0.225
23:10:15,567.82,21.438,0.220
23:10:16,568.82,21.436,0.211
23:10:17,569.82,21.438,0.220
23:10:18,570.82,21.432,0.216
23:10:19,571.82,21.438,0.210
23:10:20,572.82,21.432,0.213
23:10:21,573.83,21.434,0.213
23:10:22,574.83,21.436,0.209
23:10:23,575.83,21.434,0.209
23:10:24,576.84,21.436,0.204
23:10:25,577.84,21.432,0.203
23:10:26,578.84,21.445,0.211
23:10:27,579.84,21.438,0.222
23:10:28,580.85,21.434,0.207
23:10:29,581.85,21.434,0.215
23:10:30,582.85,21.438,0.207
23:10:31,583.85,21.436,0.215
23:10:32,584.85,21.434,0.209
23:10:33,585.85,21.436,0.219
23:10:34,586.85,21.434,0.210
23:10:35,587.86,21.434,0.213
23:10:36,588.86,21.438,0.202
23:10:37,589.86,21.443,0.219
23:10:38,590.86,21.436,0.216
23:10:39,591.86,21.436,0.208
23:10:40,592.86,21.432,0.208
23:10:41,593.86,21.434,0.215
23:10:42,594.86,21.434,0.215
23:10:43,595.87,21.434,0.215
23:10:44,596.87,21.434,0.210
23:10:45,597.87,21.434,0.209
23:10:46,598.87,21.436,0.216
23:10:47,599.87,21.432,0.216
23:10:48,600.87,21.434,0.213
23:10:49,601.87,21.441,0.205
23:10:50,602.87,21.443,0.210
23:10:51,603.87,21.438,0.211
23:10:52,604.88,21.441,0.208
23:10:53,605.88,21.432,0.205
23:10:54,606.88,21.443,0.210
23:10:55,607.88,21.447,0.211
23:10:56,608.88,21.443,0.210
23:10:57,609.88,21.441,0.215
23:10:58,610.88,21.443,0.217
23:10:59,611.88,21.441,0.213
23:11:00,612.89,21.445,0.209
23:11:01,613.89,21.436,0.215
23:11:02,614.89,21.438,0.210
23:11:03,615.89,21.443,0.210
23:11:04,616.89,21.438,0.210
23:11:05,617.89,21.438,0.210
23:11:06,618.89,21.445,0.209
23:11:07,619.89,21.447,0.219
23:11:08,620.90,21.445,0.213
23:11:09,621.90,21.443,0.217
23:11:10,622.90,21.438,0.210
23:11:11,623.90,21.447,0.201
23:11:12,624.90,21.450,0.213
23:11:13,625.90,21.447,0.213
23:11:14,626.91,21.447,0.224
23:11:15,627.91,21.445,0.208
23:11:16,628.91,21.447,0.203
23:11:17,629.91,21.452,0.214
23:11:18,630.91,21.450,0.211
23:11:19,631.91,21.450,0.204
23:11:20,632.92,21.445,0.214
23:11:21,633.92,21.447,0.210
23:11:22,634.92,21.447,0.205
23:11:23,635.92,21.445,0.213
23:11:24,636.92,21.450,0.209
23:11:25,637.92,21.450,0.211
23:11:26,638.92,21.447,0.211
23:11:27,639.93,21.450,0.219
23:11:28,640.93,21.450,0.211
23:11:29,641.93,21.452,0.213
23:11:30,642.93,21.447,0.213
23:11:31,643.93,21.450,0.213
23:11:32,644.93,21.445,0.226
23:11:33,645.94,21.447,0.210
23:11:34,646.94,21.450,0.209
23:11:35,647.94,21.450,0.210
23:11:36,648.94,21.450,0.207
23:11:37,649.94,21.445,0.217
23:11:38,650.94,21.450,0.211
23:11:39,651.95,21.450,0.217
23:11:40,652.95,21.450,0.214
23:11:41,653.95,21.447,0.210
23:11:42,654.95,21.447,0.208
23:11:43,655.95,21.447,0.201
23:11:44,656.95,21.450,0.211
23:11:45,657.96,21.445,0.215
23:11:46,658.96,21.447,0.215
23:11:47,659.96,21.450,0.213
23:11:48,660.96,21.447,0.209
23:11:49,661.96,21.447,0.216
23:11:50,662.96,21.447,0.207
23:11:51,663.97,21.450,0.202
23:11:52,664.97,21.450,0.220
23:11:53,665.97,21.450,0.210
23:11:54,666.97,21.450,0.209
23:11:55,667.97,21.447,0.219
23:11:56,668.97,21.447,0.213
23:11:57,669.97,21.445,0.207
23:11:58,670.98,21.445,0.219
23:11:59,671.98,21.443,0.210
23:12:00,672.98,21.447,0.210
23:12:01,673.98,21.447,0.210
23:12:02,674.98,21.447,0.209
23:12:03,675.98,21.445,0.226
23:12:04,676.99,21.445,0.214
23:12:05,677.99,21.445,0.216
23:12:06,678.99,21.450,0.213
23:12:07,679.99,21.450,0.220
23:12:08,680.99,21.447,0.208
23:12:09,682.00,21.447,0.219
23:12:10,683.00,21.447,0.210
23:12:11,684.00,21.445,0.211
23:12:12,685.00,21.443,0.219
23:12:13,686.00,21.443,0.214
23:12:14,687.00,21.445,0.211
23:12:15,688.01,21.441,0.217
23:12:16,689.01,21.438,0.210
23:12:17,690.01,21.450,0.215
23:12:18,691.01,21.447,0.210
23:12:19,692.01,21.450,0.207
23:12:20,693.02,21.447,0.215
23:12:21,694.02,21.452,0.215
23:12:22,695.02,21.447,0.210
23:12:23,696.02,21.452,0.211
23:12:24,697.02,21.450,0.213
23:12:25,698.02,21.450,0.210
23:12:26,699.02,21.445,0.216
23:12:27,700.03,21.445,0.209
23:12:28,701.03,21.441,0.211
23:12:29,702.03,21.447,0.210
23:12:30,703.03,21.447,0.216
23:12:31,704.03,21.447,0.208
23:12:32,705.03,21.447,0.209
23:12:33,706.04,21.447,0.203
23:12:34,707.04,21.447,0.214
23:12:35,708.04,21.450,0.205
23:12:36,709.04,21.445,0.215
23:12:37,710.04,21.445,0.209
23:12:38,711.04,21.447,0.205
23:12:39,712.05,21.452,0.215
23:12:40,713.05,21.452,0.208
23:12:41,714.05,21.450,0.208
23:12:42,715.05,21.450,0.217
23:12:43,716.05,21.450,0.211
23:12:44,717.05,21.450,0.210
23:12:45,718.06,21.447,0.209
23:12:46,719.06,21.450,0.213
23:12:47,720.06,21.447,0.217
23:12:48,721.06,21.447,0.210
23:12:49,722.06,21.447,0.205
23:12:50,723.07,21.447,0.208
23:12:51,724.08,21.443,0.210
23:12:52,725.08,21.447,0.213
23:12:53,726.08,21.450,0.211
23:12:54,727.08,21.447,0.210
23:12:55,728.08,21.445,0.209
23:12:56,729.08,21.443,0.210
23:12:57,730.09,21.447,0.210
23:12:58,731.09,21.445,0.210
23:12:59,732.09,21.445,0.213
23:13:00,733.09,21.447,0.209
23:13:01,734.10,21.445,0.216
23:13:02,735.10,21.445,0.216
23:13:03,736.11,21.447,0.213
23:13:04,737.11,21.447,0.208
23:13:05,738.11,21.443,0.208
23:13:06,739.11,21.445,0.215
23:13:07,740.12,21.445,0.217
23:13:08,741.12,21.447,0.226
23:13:09,742.12,21.443,0.214
23:13:10,743.12,21.443,0.219
23:13:11,744.12,21.441,0.204
23:13:12,745.12,21.443,0.215
23:13:13,746.13,21.443,0.208
23:13:14,747.13,21.450,0.216
23:13:15,748.13,21.443,0.214
23:13:16,749.13,21.436,0.215
23:13:17,750.13,21.438,0.220
23:13:18,751.14,21.443,0.205
23:13:19,752.14,21.445,0.211
23:13:20,753.14,21.450,0.205
23:13:21,754.14,21.447,0.209
23:13:22,755.14,21.443,0.207
23:13:23,756.14,21.447,0.207
23:13:24,757.14,21.452,0.215
23:13:25,758.15,21.452,0.203
23:13:26,759.15,21.447,0.204
23:13:27,760.15,21.450,0.210
23:13:28,761.15,21.447,0.214
23:13:29,762.15,21.450,0.205
23:13:30,763.15,21.452,0.209
23:13:31,764.15,21.447,0.207
23:13:32,765.16,21.447,0.210
23:13:33,766.16,21.450,0.207
23:13:34,767.16,21.447,0.211
23:13:35,768.16,21.447,0.208
23:13:36,769.16,21.450,0.203
23:13:37,770.17,21.450,0.210
23:13:38,771.17,21.445,0.210
23:13:39,772.17,21.447,0.211
23:13:40,773.17,21.450,0.211
23:13:41,774.17,21.443,0.211
23:13:42,775.17,21.447,0.205
23:13:43,776.17,21.441,0.216
23:13:44,777.18,21.445,0.205
23:13:45,778.18,21.450,0.216
23:13:46,779.18,21.445,0.204
23:13:47,780.18,21.447,0.209
23:13:48,781.18,21.447,0.210
23:13:49,782.18,21.443,0.204
23:13:50,783.19,21.445,0.213
23:13:51,784.19,21.450,0.202
23:13:52,785.19,21.452,0.209
23:13:53,786.19,21.447,0.211
23:13:54,787.19,21.450,0.213
23:13:55,788.20,21.443,0.213
23:13:56,789.20,21.450,0.209
23:13:57,790.20,21.447,0.202
23:13:58,791.20,21.445,0.202
23:13:59,792.20,21.450,0.216
23:14:00,793.20,21.450,0.213
23:14:01,794.21,21.445,0.210
23:14:02,795.21,21.445,0.215
23:14:03,796.21,21.445,0.213
23:14:04,797.21,21.450,0.209
23:14:05,798.22,21.447,0.208
23:14:06,799.22,21.445,0.215
23:14:07,800.22,21.450,0.207
23:14:08,801.22,21.450,0.219
23:14:09,802.23,21.452,0.203
23:14:10,803.23,21.447,0.219
23:14:11,804.23,21.447,0.210
23:14:12,805.24,21.452,0.209
23:14:13,806.24,21.450,0.210
23:14:14,807.24,21.450,0.209
23:14:15,808.24,21.447,0.207
23:14:16,809.24,21.447,0.197
23:14:17,810.24,21.441,0.204
23:14:18,811.25,21.438,0.213
23:14:19,812.25,21.450,0.209
23:14:20,813.25,21.447,0.207
23:14:21,814.25,21.450,0.211
23:14:22,815.25,21.450,0.214
23:14:23,816.25,21.450,0.199
23:14:24,817.26,21.452,0.213
23:14:25,818.26,21.447,0.198
23:14:26,819.26,21.450,0.209
23:14:27,820.26,21.447,0.210
23:14:28,821.26,21.445,0.216
23:14:29,822.26,21.450,0.201
23:14:30,823.26,21.445,0.216
23:14:31,824.27,21.450,0.211
23:14:32,825.27,21.450,0.209
23:14:33,826.27,21.450,0.211
23:14:34,827.27,21.443,0.214
23:14:35,828.27,21.447,0.211
23:14:36,829.27,21.447,0.207
23:14:37,830.27,21.447,0.214
23:14:38,831.28,21.447,0.208
23:14:39,832.28,21.441,0.214
23:14:40,833.28,21.445,0.224
23:14:41,834.28,21.447,0.209
23:14:42,835.28,21.447,0.211
23:14:43,836.28,21.447,0.213
23:14:44,837.29,21.443,0.209
23:14:45,838.29,21.443,0.205
23:14:46,839.29,21.447,0.216
23:14:47,840.29,21.445,0.214
23:14:48,841.29,21.447,0.216
23:14:49,842.29,21.447,0.209
23:14:50,843.30,21.441,0.219
23:14:51,844.30,21.447,0.211
23:14:52,845.30,21.450,0.215
23:14:53,846.30,21.447,0.217
23:14:55,847.30,21.450,0.216
23:14:56,848.30,21.441,0.209
23:14:57,849.31,21.445,0.225
23:14:58,850.31,21.450,0.207
23:14:59,851.31,21.450,0.208
23:15:00,852.31,21.447,0.213
23:15:01,853.31,21.450,0.208
23:15:02,854.31,21.436,0.215
23:15:03,855.31,21.438,0.213
23:15:04,856.32,21.441,0.209
23:15:05,857.32,21.447,0.211
23:15:06,858.32,21.450,0.219
23:15:07,859.32,21.445,0.215
23:15:08,860.32,21.445,0.207
23:15:09,861.32,21.447,0.215
23:15:10,862.33,21.445,0.213
23:15:11,863.33,21.450,0.211
23:15:12,864.33,21.447,0.204
23:15:13,865.33,21.441,0.215
23:15:14,866.33,21.447,0.210
23:15:15,867.33,21.447,0.217
23:15:16,868.34,21.445,0.213
23:15:17,869.34,21.443,0.221
23:15:18,870.34,21.447,0.215
23:15:19,871.34,21.443,0.208
23:15:20,872.34,21.445,0.202
23:15:21,873.34,21.447,0.207
23:15:22,874.35,21.447,0.205
23:15:23,875.35,21.445,0.203
23:15:24,876.35,21.443,0.203
23:15:25,877.35,21.445,0.215
23:15:26,878.35,21.445,0.217
23:15:27,879.35,21.447,0.214
23:15:28,880.36,21.441,0.210
23:15:29,881.36,21.445,0.208
23:15:30,882.36,21.445,0.205
23:15:31,883.36,21.445,0.210
23:15:32,884.36,21.447,0.208
23:15:33,885.36,21.441,0.204
23:15:34,886.37,21.443,0.220
23:15:35,887.37,21.443,0.216
23:15:36,888.37,21.441,0.220
23:15:37,889.37,21.443,0.209
23:15:38,890.37,21.443,0.204
23:15:39,891.38,21.443,0.214
23:15:40,892.38,21.443,0.209
23:15:41,893.38,21.445,0.202
23:15:42,894.38,21.445,0.204
23:15:43,895.38,21.441,0.208
23:15:44,896.38,21.438,0.216
23:15:45,897.38,21.441,0.201
23:15:46,898.39,21.438,0.208
23:15:47,899.39,21.445,0.219
23:15:48,900.39,21.441,0.215
23:15:49,901.39,21.441,0.208
23:15:50,902.39,21.443,0.208
23:15:51,903.39,21.443,0.219
23:15:52,904.39,21.443,0.214
23:15:53,905.40,21.450,0.215
23:15:54,906.40,21.445,0.204
23:15:55,907.40,21.443,0.213
23:15:56,908.40,21.445,0.205
23:15:57,909.40,21.445,0.217
23:15:58,910.40,21.447,0.207
23:15:59,911.40,21.445,0.199
23:16:00,912.41,21.443,0.213
23:16:01,913.41,21.445,0.205
23:16:02,914.41,21.445,0.213
23:16:03,915.41,21.447,0.205
23:16:04,916.41,21.443,0.210
23:16:05,917.41,21.450,0.203
23:16:06,918.42,21.450,0.205
23:16:07,919.42,21.447,0.210
23:16:08,920.42,21.443,0.214
23:16:09,921.42,21.443,0.211
23:16:10,922.42,21.436,0.210
23:16:11,923.42,21.450,0.216
23:16:12,924.42,21.447,0.209
23:16:13,925.43,21.445,0.201
23:16:14,926.43,21.445,0.204
23:16:15,927.43,21.445,0.209
23:16:16,928.43,21.447,0.216
23:16:17,929.43,21.452,0.204
23:16:18,930.43,21.445,0.204
23:16:19,931.44,21.447,0.209
23:16:20,932.44,21.443,0.211
23:16:21,933.44,21.450,0.211
23:16:22,934.44,21.450,0.217
23:16:23,935.44,21.445,0.208
23:16:24,936.44,21.447,0.208
23:16:25,937.44,21.443,0.208
23:16:26,938.45,21.445,0.208
23:16:27,939.45,21.450,0.209
23:16:28,940.45,21.447,0.214
23:16:29,941.45,21.443,0.222
23:16:30,942.45,21.441,0.222
23:16:31,943.45,21.443,0.211
23:16:32,944.46,21.445,0.214
23:16:33,945.46,21.443,0.213
23:16:34,946.46,21.447,0.217
23:16:35,947.46,21.441,0.208
23:16:36,948.46,21.438,0.215
23:16:37,949.46,21.447,0.210
23:16:38,950.47,21.447,0.208
23:16:39,951.47,21.447,0.224
23:16:40,952.47,21.445,0.213
23:16:41,953.47,21.441,0.210
23:16:42,954.47,21.450,0.211
23:16:43,955.47,21.447,0.211
23:16:44,956.47,21.450,0.204
23:16:45,957.48,21.447,0.208
23:16:46,958.48,21.447,0.216
23:16:47,959.48,21.445,0.209
23:16:48,960.48,21.447,0.214
23:16:49,961.48,21.450,0.202
23:16:50,962.48,21.450,0.205
23:16:51,963.49,21.447,0.216
23:16:52,964.49,21.445,0.217
23:16:53,965.49,21.450,0.198
23:16:54,966.49,21.445,0.209
23:16:55,967.49,21.445,0.215
23:16:56,968.49,21.452,0.216
23:16:57,969.49,21.450,0.215
23:16:58,970.50,21.450,0.207
23:16:59,971.50,21.450,0.204
23:17:00,972.50,21.450,0.205
23:17:01,973.50,21.450,0.204
23:17:02,974.50,21.445,0.215
23:17:03,975.50,21.445,0.211
23:17:04,976.51,21.450,0.217
23:17:05,977.51,21.450,0.209
23:17:06,978.51,21.450,0.201
23:17:07,979.51,21.447,0.209
23:17:08,980.51,21.447,0.213
23:17:09,981.51,21.450,0.203
23:17:10,982.52,21.447,0.216
23:17:11,983.52,21.447,0.211
23:17:12,984.52,21.450,0.210
23:17:13,985.52,21.450,0.207
23:17:14,986.52,21.450,0.210
23:17:15,987.52,21.450,0.209
23:17:16,988.53,21.450,0.208
23:17:17,989.53,21.450,0.203
23:17:18,990.53,21.443,0.208
23:17:19,991.53,21.447,0.207
23:17:20,992.53,21.450,0.207
23:17:21,993.54,21.447,0.203
23:17:22,994.54,21.452,0.203
23:17:23,995.54,21.447,0.211
23:17:24,996.54,21.447,0.216
23:17:25,997.54,21.447,0.215
23:17:26,998.54,21.447,0.211
23:17:27,999.54,21.452,0.211
23:17:28,1000.55,21.434,0.204
23:17:29,1001.55,21.438,0.210
23:17:30,1002.55,21.438,0.204
23:17:31,1003.55,21.432,0.205
23:17:32,1004.55,21.445,0.207
23:17:33,1005.55,21.450,0.214
23:17:34,1006.55,21.443,0.202
23:17:35,1007.56,21.443,0.207
23:17:36,1008.56,21.436,0.210
23:17:37,1009.56,21.443,0.209
23:17:38,1010.56,21.447,0.217
23:17:39,1011.56,21.441,0.208
23:17:40,1012.56,21.450,0.215
23:17:41,1013.56,21.432,0.215
23:17:42,1014.56,21.438,0.214
23:17:43,1015.57,21.443,0.205
23:17:44,1016.57,21.441,0.214
23:17:45,1017.57,21.438,0.213
23:17:46,1018.57,21.443,0.211
23:17:47,1019.57,21.434,0.207
23:17:48,1020.57,21.436,0.215
23:17:49,1021.58,21.434,0.209
23:17:50,1022.58,21.438,0.208
23:17:51,1023.58,21.438,0.207
23:17:52,1024.58,21.445,0.209
23:17:53,1025.58,21.447,0.208
23:17:54,1026.58,21.450,0.210
23:17:55,1027.58,21.450,0.215
23:17:56,1028.59,21.450,0.210
23:17:57,1029.59,21.447,0.209
23:17:58,1030.59,21.443,0.215
23:17:59,1031.59,21.445,0.215
23:18:00,1032.59,21.447,0.215
23:18:01,1033.59,21.443,0.202
23:18:02,1034.60,21.443,0.213
23:18:03,1035.60,21.443,0.213
23:18:04,1036.60,21.443,0.210
23:18:05,1037.60,21.445,0.214
23:18:06,1038.60,21.447,0.203
23:18:07,1039.60,21.443,0.211
23:18:08,1040.60,21.445,0.210
23:18:09,1041.61,21.445,0.208
23:18:10,1042.61,21.447,0.215
23:18:11,1043.61,21.450,0.209
23:18:12,1044.61,21.450,0.209
23:18:13,1045.61,21.447,0.205
23:18:14,1046.61,21.447,0.216
23:18:15,1047.61,21.443,0.221
23:18:16,1048.62,21.447,0.219
23:18:17,1049.62,21.454,0.208
23:18:18,1050.62,21.452,0.211
23:18:19,1051.62,21.445,0.210
23:18:20,1052.62,21.445,0.214
23:18:21,1053.63,21.450,0.204
23:18:22,1054.63,21.447,0.211
23:18:23,1055.63,21.450,0.211
23:18:24,1056.63,21.450,0.205
23:18:25,1057.63,21.447,0.210
23:18:26,1058.64,21.450,0.211
23:18:27,1059.64,21.445,0.208
23:18:28,1060.64,21.450,0.217
23:18:29,1061.64,21.443,0.219
23:18:30,1062.65,21.445,0.216
23:18:31,1063.65,21.445,0.216
23:18:32,1064.65,21.443,0.215
23:18:33,1065.65,21.445,0.219
23:18:34,1066.66,21.447,0.217
23:18:35,1067.66,21.447,0.211
23:18:36,1068.66,21.445,0.216
23:18:37,1069.66,21.447,0.217
23:18:38,1070.66,21.445,0.209
23:18:39,1071.66,21.447,0.209
23:18:40,1072.67,21.445,0.221
23:18:41,1073.67,21.445,0.220
23:18:42,1074.67,21.445,0.220
23:18:43,1075.67,21.443,0.213
23:18:44,1076.67,21.447,0.207
23:18:45,1077.67,21.450,0.204
23:18:46,1078.68,21.450,0.209
23:18:47,1079.68,21.447,0.210
23:18:48,1080.68,21.443,0.216
23:18:49,1081.68,21.447,0.213
23:18:50,1082.68,21.447,0.211
23:18:51,1083.68,21.445,0.216
23:18:52,1084.68,21.447,0.217
23:18:53,1085.69,21.445,0.216
23:18:54,1086.69,21.445,0.214
23:18:55,1087.69,21.445,0.211
23:18:56,1088.69,21.450,0.210
23:18:57,1089.69,21.450,0.205
23:18:58,1090.69,21.445,0.211
23:18:59,1091.70,21.447,0.211
